{"cameraMode":{"drawMode":0,"name":"Shaded","section":"Shading Mode"},"sceneLighting":false,"audioPlay":false,"sceneViewState":{"showFog":true,"showMaterialUpdate":false,"showSkybox":false,"showFlares":true,"showImageEffects":true,"showParticleSystems":true},"in2DMode":false,"pivot":{"x":0.12800008058547975,"y":0.6809999942779541,"z":0.10299989581108093},"rotation":{"x":0.005174779333174229,"y":0.9589971303939819,"z":-0.2828481197357178,"w":0.017553137615323068},"size":0.8730055689811707,"orthographic":false}