{"cameraMode":{"drawMode":0,"name":"Shaded","section":"Shading Mode"},"sceneLighting":false,"audioPlay":false,"sceneViewState":{"showFog":true,"showMaterialUpdate":false,"showSkybox":false,"showFlares":true,"showImageEffects":true,"showParticleSystems":true},"in2DMode":false,"pivot":{"x":0.013555824756622315,"y":0.7510830760002136,"z":-0.16021892428398133},"rotation":{"x":0.005174779333174229,"y":0.9589971303939819,"z":-0.2828481197357178,"w":0.017553137615323068},"size":2.70739483833313,"orthographic":false}